{
  "cox_ph": {
    "c_index_mean": 0.6668585913700343,
    "c_index_std": 0.10175355598591461,
    "c_index_scores": [
      0.6081081081081081,
      0.7264150943396226,
      0.7774193548387097,
      0.7259475218658892,
      0.49640287769784175
    ]
  },
  "random_survival_forest": {
    "c_index_mean": 0.7063855649004964,
    "c_index_std": 0.06927773213923162,
    "c_index_scores": [
      0.745945945945946,
      0.6194968553459119,
      0.7935483870967742,
      0.7434402332361516,
      0.6294964028776978
    ]
  },
  "gradient_boosted_survival": {
    "c_index_mean": 0.7048857683348844,
    "c_index_std": 0.08875303995429935,
    "c_index_scores": [
      0.7378378378378379,
      0.5911949685534591,
      0.8032258064516129,
      0.7842565597667639,
      0.6079136690647482
    ]
  }
}