{
  "clinical_only": {
    "auc_mean": 0.7219799498746866,
    "auc_std": 0.09563062493009207,
    "auc_scores": [
      0.7523809523809524,
      0.6119047619047618,
      0.8320802005012531,
      0.8070175438596492,
      0.6065162907268171
    ],
    "accuracy": 0.7034146341463414,
    "f1": 0.7094896331738438,
    "n_features": 27
  },
  "imaging_only": {
    "auc_mean": 0.6542105263157896,
    "auc_std": 0.054257821153608395,
    "auc_scores": [
      0.719047619047619,
      0.6071428571428572,
      0.6992481203007519,
      0.6691729323308271,
      0.5764411027568923
    ],
    "accuracy": 0.5840243902439025,
    "f1": 0.5600758653390232,
    "n_features": 9
  },
  "combined": {
    "auc_mean": 0.7197744360902256,
    "auc_std": 0.05956663279525236,
    "auc_scores": [
      0.6928571428571428,
      0.6904761904761905,
      0.8095238095238095,
      0.7644110275689223,
      0.6416040100250626
    ],
    "accuracy": 0.6582926829268293,
    "f1": 0.6560120652803579,
    "n_features": 36
  },
  "statistical_test": {
    "paired_ttest_p": 0.935826514019477,
    "mean_auc_difference": -0.0022055137844611663
  },
  "metadata": {
    "n_patients": 202,
    "imaging_features": [
      "tumour_volume_mm3",
      "t1c_mean",
      "t1c_std",
      "t1n_mean",
      "t1n_std",
      "t2f_mean",
      "t2f_std",
      "t2w_mean",
      "t2w_std"
    ],
    "patients_missing_imaging": 1
  }
}